{
	"partitions" : [
		{
			"name" : "Top",
			"pins" : [
				{
					"name" : "hash[0]",
					"strict" : false
				},
				{
					"name" : "hash[1]",
					"strict" : false
				},
				{
					"name" : "hash[2]",
					"strict" : false
				},
				{
					"name" : "hash[3]",
					"strict" : false
				},
				{
					"name" : "hash[4]",
					"strict" : false
				},
				{
					"name" : "hash[5]",
					"strict" : false
				},
				{
					"name" : "hash[6]",
					"strict" : false
				},
				{
					"name" : "hash[7]",
					"strict" : false
				},
				{
					"name" : "hash[8]",
					"strict" : false
				},
				{
					"name" : "hash[9]",
					"strict" : false
				},
				{
					"name" : "hash[10]",
					"strict" : false
				},
				{
					"name" : "hash[11]",
					"strict" : false
				},
				{
					"name" : "hash[12]",
					"strict" : false
				},
				{
					"name" : "hash[13]",
					"strict" : false
				},
				{
					"name" : "hash[14]",
					"strict" : false
				},
				{
					"name" : "hash[15]",
					"strict" : false
				},
				{
					"name" : "hash[16]",
					"strict" : false
				},
				{
					"name" : "hash[17]",
					"strict" : false
				},
				{
					"name" : "hash[18]",
					"strict" : false
				},
				{
					"name" : "hash[19]",
					"strict" : false
				},
				{
					"name" : "hash[20]",
					"strict" : false
				},
				{
					"name" : "hash[21]",
					"strict" : false
				},
				{
					"name" : "hash[22]",
					"strict" : false
				},
				{
					"name" : "hash[23]",
					"strict" : false
				},
				{
					"name" : "hash[24]",
					"strict" : false
				},
				{
					"name" : "hash[25]",
					"strict" : false
				},
				{
					"name" : "hash[26]",
					"strict" : false
				},
				{
					"name" : "hash[27]",
					"strict" : false
				},
				{
					"name" : "hash[28]",
					"strict" : false
				},
				{
					"name" : "hash[29]",
					"strict" : false
				},
				{
					"name" : "hash[30]",
					"strict" : false
				},
				{
					"name" : "hash[31]",
					"strict" : false
				},
				{
					"name" : "hash[32]",
					"strict" : false
				},
				{
					"name" : "hash[33]",
					"strict" : false
				},
				{
					"name" : "hash[34]",
					"strict" : false
				},
				{
					"name" : "hash[35]",
					"strict" : false
				},
				{
					"name" : "hash[36]",
					"strict" : false
				},
				{
					"name" : "hash[37]",
					"strict" : false
				},
				{
					"name" : "hash[38]",
					"strict" : false
				},
				{
					"name" : "hash[39]",
					"strict" : false
				},
				{
					"name" : "hash[40]",
					"strict" : false
				},
				{
					"name" : "hash[41]",
					"strict" : false
				},
				{
					"name" : "hash[42]",
					"strict" : false
				},
				{
					"name" : "hash[43]",
					"strict" : false
				},
				{
					"name" : "hash[44]",
					"strict" : false
				},
				{
					"name" : "hash[45]",
					"strict" : false
				},
				{
					"name" : "hash[46]",
					"strict" : false
				},
				{
					"name" : "hash[47]",
					"strict" : false
				},
				{
					"name" : "hash[48]",
					"strict" : false
				},
				{
					"name" : "hash[49]",
					"strict" : false
				},
				{
					"name" : "hash[50]",
					"strict" : false
				},
				{
					"name" : "hash[51]",
					"strict" : false
				},
				{
					"name" : "hash[52]",
					"strict" : false
				},
				{
					"name" : "hash[53]",
					"strict" : false
				},
				{
					"name" : "hash[54]",
					"strict" : false
				},
				{
					"name" : "hash[55]",
					"strict" : false
				},
				{
					"name" : "hash[56]",
					"strict" : false
				},
				{
					"name" : "hash[57]",
					"strict" : false
				},
				{
					"name" : "hash[58]",
					"strict" : false
				},
				{
					"name" : "hash[59]",
					"strict" : false
				},
				{
					"name" : "hash[60]",
					"strict" : false
				},
				{
					"name" : "hash[61]",
					"strict" : false
				},
				{
					"name" : "hash[62]",
					"strict" : false
				},
				{
					"name" : "hash[63]",
					"strict" : false
				},
				{
					"name" : "hash[64]",
					"strict" : false
				},
				{
					"name" : "hash[65]",
					"strict" : false
				},
				{
					"name" : "hash[66]",
					"strict" : false
				},
				{
					"name" : "hash[67]",
					"strict" : false
				},
				{
					"name" : "hash[68]",
					"strict" : false
				},
				{
					"name" : "hash[69]",
					"strict" : false
				},
				{
					"name" : "hash[70]",
					"strict" : false
				},
				{
					"name" : "hash[71]",
					"strict" : false
				},
				{
					"name" : "hash[72]",
					"strict" : false
				},
				{
					"name" : "hash[73]",
					"strict" : false
				},
				{
					"name" : "hash[74]",
					"strict" : false
				},
				{
					"name" : "hash[75]",
					"strict" : false
				},
				{
					"name" : "hash[76]",
					"strict" : false
				},
				{
					"name" : "hash[77]",
					"strict" : false
				},
				{
					"name" : "hash[78]",
					"strict" : false
				},
				{
					"name" : "hash[79]",
					"strict" : false
				},
				{
					"name" : "hash[80]",
					"strict" : false
				},
				{
					"name" : "hash[81]",
					"strict" : false
				},
				{
					"name" : "hash[82]",
					"strict" : false
				},
				{
					"name" : "hash[83]",
					"strict" : false
				},
				{
					"name" : "hash[84]",
					"strict" : false
				},
				{
					"name" : "hash[85]",
					"strict" : false
				},
				{
					"name" : "hash[86]",
					"strict" : false
				},
				{
					"name" : "hash[87]",
					"strict" : false
				},
				{
					"name" : "hash[88]",
					"strict" : false
				},
				{
					"name" : "hash[89]",
					"strict" : false
				},
				{
					"name" : "hash[90]",
					"strict" : false
				},
				{
					"name" : "hash[91]",
					"strict" : false
				},
				{
					"name" : "hash[92]",
					"strict" : false
				},
				{
					"name" : "hash[93]",
					"strict" : false
				},
				{
					"name" : "hash[94]",
					"strict" : false
				},
				{
					"name" : "hash[95]",
					"strict" : false
				},
				{
					"name" : "hash[96]",
					"strict" : false
				},
				{
					"name" : "hash[97]",
					"strict" : false
				},
				{
					"name" : "hash[98]",
					"strict" : false
				},
				{
					"name" : "hash[99]",
					"strict" : false
				},
				{
					"name" : "hash[100]",
					"strict" : false
				},
				{
					"name" : "hash[101]",
					"strict" : false
				},
				{
					"name" : "hash[102]",
					"strict" : false
				},
				{
					"name" : "hash[103]",
					"strict" : false
				},
				{
					"name" : "hash[104]",
					"strict" : false
				},
				{
					"name" : "hash[105]",
					"strict" : false
				},
				{
					"name" : "hash[106]",
					"strict" : false
				},
				{
					"name" : "hash[107]",
					"strict" : false
				},
				{
					"name" : "hash[108]",
					"strict" : false
				},
				{
					"name" : "hash[109]",
					"strict" : false
				},
				{
					"name" : "hash[110]",
					"strict" : false
				},
				{
					"name" : "hash[111]",
					"strict" : false
				},
				{
					"name" : "hash[112]",
					"strict" : false
				},
				{
					"name" : "hash[113]",
					"strict" : false
				},
				{
					"name" : "hash[114]",
					"strict" : false
				},
				{
					"name" : "hash[115]",
					"strict" : false
				},
				{
					"name" : "hash[116]",
					"strict" : false
				},
				{
					"name" : "hash[117]",
					"strict" : false
				},
				{
					"name" : "hash[118]",
					"strict" : false
				},
				{
					"name" : "hash[119]",
					"strict" : false
				},
				{
					"name" : "hash[120]",
					"strict" : false
				},
				{
					"name" : "hash[121]",
					"strict" : false
				},
				{
					"name" : "hash[122]",
					"strict" : false
				},
				{
					"name" : "hash[123]",
					"strict" : false
				},
				{
					"name" : "hash[124]",
					"strict" : false
				},
				{
					"name" : "hash[125]",
					"strict" : false
				},
				{
					"name" : "hash[126]",
					"strict" : false
				},
				{
					"name" : "hash[127]",
					"strict" : false
				},
				{
					"name" : "hash[128]",
					"strict" : false
				},
				{
					"name" : "hash[129]",
					"strict" : false
				},
				{
					"name" : "hash[130]",
					"strict" : false
				},
				{
					"name" : "hash[131]",
					"strict" : false
				},
				{
					"name" : "hash[132]",
					"strict" : false
				},
				{
					"name" : "hash[133]",
					"strict" : false
				},
				{
					"name" : "hash[134]",
					"strict" : false
				},
				{
					"name" : "hash[135]",
					"strict" : false
				},
				{
					"name" : "hash[136]",
					"strict" : false
				},
				{
					"name" : "hash[137]",
					"strict" : false
				},
				{
					"name" : "hash[138]",
					"strict" : false
				},
				{
					"name" : "hash[139]",
					"strict" : false
				},
				{
					"name" : "hash[140]",
					"strict" : false
				},
				{
					"name" : "hash[141]",
					"strict" : false
				},
				{
					"name" : "hash[142]",
					"strict" : false
				},
				{
					"name" : "hash[143]",
					"strict" : false
				},
				{
					"name" : "hash[144]",
					"strict" : false
				},
				{
					"name" : "hash[145]",
					"strict" : false
				},
				{
					"name" : "hash[146]",
					"strict" : false
				},
				{
					"name" : "hash[147]",
					"strict" : false
				},
				{
					"name" : "hash[148]",
					"strict" : false
				},
				{
					"name" : "hash[149]",
					"strict" : false
				},
				{
					"name" : "hash[150]",
					"strict" : false
				},
				{
					"name" : "hash[151]",
					"strict" : false
				},
				{
					"name" : "hash[152]",
					"strict" : false
				},
				{
					"name" : "hash[153]",
					"strict" : false
				},
				{
					"name" : "hash[154]",
					"strict" : false
				},
				{
					"name" : "hash[155]",
					"strict" : false
				},
				{
					"name" : "hash[156]",
					"strict" : false
				},
				{
					"name" : "hash[157]",
					"strict" : false
				},
				{
					"name" : "hash[158]",
					"strict" : false
				},
				{
					"name" : "hash[159]",
					"strict" : false
				},
				{
					"name" : "hash[160]",
					"strict" : false
				},
				{
					"name" : "hash[161]",
					"strict" : false
				},
				{
					"name" : "hash[162]",
					"strict" : false
				},
				{
					"name" : "hash[163]",
					"strict" : false
				},
				{
					"name" : "hash[164]",
					"strict" : false
				},
				{
					"name" : "hash[165]",
					"strict" : false
				},
				{
					"name" : "hash[166]",
					"strict" : false
				},
				{
					"name" : "hash[167]",
					"strict" : false
				},
				{
					"name" : "hash[168]",
					"strict" : false
				},
				{
					"name" : "hash[169]",
					"strict" : false
				},
				{
					"name" : "hash[170]",
					"strict" : false
				},
				{
					"name" : "hash[171]",
					"strict" : false
				},
				{
					"name" : "hash[172]",
					"strict" : false
				},
				{
					"name" : "hash[173]",
					"strict" : false
				},
				{
					"name" : "hash[174]",
					"strict" : false
				},
				{
					"name" : "hash[175]",
					"strict" : false
				},
				{
					"name" : "hash[176]",
					"strict" : false
				},
				{
					"name" : "hash[177]",
					"strict" : false
				},
				{
					"name" : "hash[178]",
					"strict" : false
				},
				{
					"name" : "hash[179]",
					"strict" : false
				},
				{
					"name" : "hash[180]",
					"strict" : false
				},
				{
					"name" : "hash[181]",
					"strict" : false
				},
				{
					"name" : "hash[182]",
					"strict" : false
				},
				{
					"name" : "hash[183]",
					"strict" : false
				},
				{
					"name" : "hash[184]",
					"strict" : false
				},
				{
					"name" : "hash[185]",
					"strict" : false
				},
				{
					"name" : "hash[186]",
					"strict" : false
				},
				{
					"name" : "hash[187]",
					"strict" : false
				},
				{
					"name" : "hash[188]",
					"strict" : false
				},
				{
					"name" : "hash[189]",
					"strict" : false
				},
				{
					"name" : "hash[190]",
					"strict" : false
				},
				{
					"name" : "hash[191]",
					"strict" : false
				},
				{
					"name" : "hash[192]",
					"strict" : false
				},
				{
					"name" : "hash[193]",
					"strict" : false
				},
				{
					"name" : "hash[194]",
					"strict" : false
				},
				{
					"name" : "hash[195]",
					"strict" : false
				},
				{
					"name" : "hash[196]",
					"strict" : false
				},
				{
					"name" : "hash[197]",
					"strict" : false
				},
				{
					"name" : "hash[198]",
					"strict" : false
				},
				{
					"name" : "hash[199]",
					"strict" : false
				},
				{
					"name" : "hash[200]",
					"strict" : false
				},
				{
					"name" : "hash[201]",
					"strict" : false
				},
				{
					"name" : "hash[202]",
					"strict" : false
				},
				{
					"name" : "hash[203]",
					"strict" : false
				},
				{
					"name" : "hash[204]",
					"strict" : false
				},
				{
					"name" : "hash[205]",
					"strict" : false
				},
				{
					"name" : "hash[206]",
					"strict" : false
				},
				{
					"name" : "hash[207]",
					"strict" : false
				},
				{
					"name" : "hash[208]",
					"strict" : false
				},
				{
					"name" : "hash[209]",
					"strict" : false
				},
				{
					"name" : "hash[210]",
					"strict" : false
				},
				{
					"name" : "hash[211]",
					"strict" : false
				},
				{
					"name" : "hash[212]",
					"strict" : false
				},
				{
					"name" : "hash[213]",
					"strict" : false
				},
				{
					"name" : "hash[214]",
					"strict" : false
				},
				{
					"name" : "hash[215]",
					"strict" : false
				},
				{
					"name" : "hash[216]",
					"strict" : false
				},
				{
					"name" : "hash[217]",
					"strict" : false
				},
				{
					"name" : "hash[218]",
					"strict" : false
				},
				{
					"name" : "hash[219]",
					"strict" : false
				},
				{
					"name" : "hash[220]",
					"strict" : false
				},
				{
					"name" : "hash[221]",
					"strict" : false
				},
				{
					"name" : "hash[222]",
					"strict" : false
				},
				{
					"name" : "hash[223]",
					"strict" : false
				},
				{
					"name" : "hash[224]",
					"strict" : false
				},
				{
					"name" : "hash[225]",
					"strict" : false
				},
				{
					"name" : "hash[226]",
					"strict" : false
				},
				{
					"name" : "hash[227]",
					"strict" : false
				},
				{
					"name" : "hash[228]",
					"strict" : false
				},
				{
					"name" : "hash[229]",
					"strict" : false
				},
				{
					"name" : "hash[230]",
					"strict" : false
				},
				{
					"name" : "hash[231]",
					"strict" : false
				},
				{
					"name" : "hash[232]",
					"strict" : false
				},
				{
					"name" : "hash[233]",
					"strict" : false
				},
				{
					"name" : "hash[234]",
					"strict" : false
				},
				{
					"name" : "hash[235]",
					"strict" : false
				},
				{
					"name" : "hash[236]",
					"strict" : false
				},
				{
					"name" : "hash[237]",
					"strict" : false
				},
				{
					"name" : "hash[238]",
					"strict" : false
				},
				{
					"name" : "hash[239]",
					"strict" : false
				},
				{
					"name" : "hash[240]",
					"strict" : false
				},
				{
					"name" : "hash[241]",
					"strict" : false
				},
				{
					"name" : "hash[242]",
					"strict" : false
				},
				{
					"name" : "hash[243]",
					"strict" : false
				},
				{
					"name" : "hash[244]",
					"strict" : false
				},
				{
					"name" : "hash[245]",
					"strict" : false
				},
				{
					"name" : "hash[246]",
					"strict" : false
				},
				{
					"name" : "hash[247]",
					"strict" : false
				},
				{
					"name" : "hash[248]",
					"strict" : false
				},
				{
					"name" : "hash[249]",
					"strict" : false
				},
				{
					"name" : "hash[250]",
					"strict" : false
				},
				{
					"name" : "hash[251]",
					"strict" : false
				},
				{
					"name" : "hash[252]",
					"strict" : false
				},
				{
					"name" : "hash[253]",
					"strict" : false
				},
				{
					"name" : "hash[254]",
					"strict" : false
				},
				{
					"name" : "hash[255]",
					"strict" : false
				},
				{
					"name" : "clk",
					"strict" : false
				},
				{
					"name" : "rst",
					"strict" : false
				},
				{
					"name" : "en",
					"strict" : false
				},
				{
					"name" : "message_word2[0]",
					"strict" : false
				},
				{
					"name" : "message_word2[1]",
					"strict" : false
				},
				{
					"name" : "message_word2[2]",
					"strict" : false
				},
				{
					"name" : "message_word2[3]",
					"strict" : false
				},
				{
					"name" : "message_word2[4]",
					"strict" : false
				},
				{
					"name" : "message_word2[5]",
					"strict" : false
				},
				{
					"name" : "message_word2[6]",
					"strict" : false
				},
				{
					"name" : "message_word2[7]",
					"strict" : false
				},
				{
					"name" : "message_word2[8]",
					"strict" : false
				},
				{
					"name" : "message_word2[9]",
					"strict" : false
				},
				{
					"name" : "message_word2[10]",
					"strict" : false
				},
				{
					"name" : "message_word2[11]",
					"strict" : false
				},
				{
					"name" : "message_word2[12]",
					"strict" : false
				},
				{
					"name" : "message_word2[13]",
					"strict" : false
				},
				{
					"name" : "message_word2[14]",
					"strict" : false
				},
				{
					"name" : "message_word2[15]",
					"strict" : false
				},
				{
					"name" : "message_word2[16]",
					"strict" : false
				},
				{
					"name" : "message_word2[17]",
					"strict" : false
				},
				{
					"name" : "message_word2[18]",
					"strict" : false
				},
				{
					"name" : "message_word2[19]",
					"strict" : false
				},
				{
					"name" : "message_word2[20]",
					"strict" : false
				},
				{
					"name" : "message_word2[21]",
					"strict" : false
				},
				{
					"name" : "message_word2[22]",
					"strict" : false
				},
				{
					"name" : "message_word2[23]",
					"strict" : false
				},
				{
					"name" : "message_word2[24]",
					"strict" : false
				},
				{
					"name" : "message_word2[25]",
					"strict" : false
				},
				{
					"name" : "message_word2[26]",
					"strict" : false
				},
				{
					"name" : "message_word2[27]",
					"strict" : false
				},
				{
					"name" : "message_word2[28]",
					"strict" : false
				},
				{
					"name" : "message_word2[29]",
					"strict" : false
				},
				{
					"name" : "message_word2[30]",
					"strict" : false
				},
				{
					"name" : "message_word2[31]",
					"strict" : false
				},
				{
					"name" : "message_word1[0]",
					"strict" : false
				},
				{
					"name" : "message_word1[1]",
					"strict" : false
				},
				{
					"name" : "message_word1[2]",
					"strict" : false
				},
				{
					"name" : "message_word1[3]",
					"strict" : false
				},
				{
					"name" : "message_word1[4]",
					"strict" : false
				},
				{
					"name" : "message_word1[5]",
					"strict" : false
				},
				{
					"name" : "message_word1[6]",
					"strict" : false
				},
				{
					"name" : "message_word1[7]",
					"strict" : false
				},
				{
					"name" : "message_word1[8]",
					"strict" : false
				},
				{
					"name" : "message_word1[9]",
					"strict" : false
				},
				{
					"name" : "message_word1[10]",
					"strict" : false
				},
				{
					"name" : "message_word1[11]",
					"strict" : false
				},
				{
					"name" : "message_word1[12]",
					"strict" : false
				},
				{
					"name" : "message_word1[13]",
					"strict" : false
				},
				{
					"name" : "message_word1[14]",
					"strict" : false
				},
				{
					"name" : "message_word1[15]",
					"strict" : false
				},
				{
					"name" : "message_word1[16]",
					"strict" : false
				},
				{
					"name" : "message_word1[17]",
					"strict" : false
				},
				{
					"name" : "message_word1[18]",
					"strict" : false
				},
				{
					"name" : "message_word1[19]",
					"strict" : false
				},
				{
					"name" : "message_word1[20]",
					"strict" : false
				},
				{
					"name" : "message_word1[21]",
					"strict" : false
				},
				{
					"name" : "message_word1[22]",
					"strict" : false
				},
				{
					"name" : "message_word1[23]",
					"strict" : false
				},
				{
					"name" : "message_word1[24]",
					"strict" : false
				},
				{
					"name" : "message_word1[25]",
					"strict" : false
				},
				{
					"name" : "message_word1[26]",
					"strict" : false
				},
				{
					"name" : "message_word1[27]",
					"strict" : false
				},
				{
					"name" : "message_word1[28]",
					"strict" : false
				},
				{
					"name" : "message_word1[29]",
					"strict" : false
				},
				{
					"name" : "message_word1[30]",
					"strict" : false
				},
				{
					"name" : "message_word1[31]",
					"strict" : false
				}
			]
		}
	]
}